name,main_instrument
Semmangudi Srinivasa Iyer,vocal
K. B. Sundarambal,vocal
Lalita Venkatram,vocal
G. N. Balasubramaniam,vocal
Alathur Brothers,vocal
Madurai Mani Iyer,vocal
Mannargudi Sambasiva Bhagavatar,vocal
T. Brinda,vocal
T. Muktha,vocal
M. S. Subbulakshmi,vocal
Sattur A. G. Subramaniam,vocal
S. Ramanathan,vocal
Vasundhara Devi,vocal
Ramnad Krishnan,vocal
Rajam Pushpavanam,vocal
D. K. Pattammal,vocal
Madurai Somasundaram,vocal
Jayachamarajendra Wadiyar,vocal
N. C. Vasanthakokilam,vocal
R. K. Srikantan,vocal
B. Rajam Iyer,vocal
Manakkal Rangarajan,vocal
K. V. Narayanaswamy,vocal
M. D. Ramanathan,vocal
L.P.R. Varma,vocal
Nedunuri Krishnamoorthy,vocal
M. L. Vasanthakumari,vocal
Maharajapuram Santhanam,vocal
Vairamangalam LakshmiNarayanan,vocal
D. K. Jayaraman,vocal
Dr. M. Balamuralikrishna,vocal
S. Kalyanaraman,vocal
N. Lalitha Bhanu,vocal
T. V. Gopalakrishnan,vocal
Radha Jayalakshmi Sisters,vocal
Seerkazhi Govindarajan,vocal
P. S. Narayanaswamy,vocal
P Leela,vocal
R. Vedavalli,vocal
Bombay Sisters,vocal
Jon B. Higgins,vocal
Trichur V. Ramachandran,vocal
K. J. Yesudas,vocal
T. V. Sankaranarayanan,vocal
O. S. Thyagarajan,vocal
Madurai T. N. Seshagopalan,vocal
Garimella Balakrishna Prasad,vocal
Charumathi Ramachandran,vocal
Aruna Sairam,vocal
Sudha Ragunathan,vocal
Bellary M Raghavendra,vocal
Bombay Lakshmi Rajagopalan,vocal
Sirkazhi G. Sivachidambaram,vocal
K. S. Chithra,vocal
Neyveli Santhanagopalan,vocal
P. Unnikrishnan,vocal
Shankar Mahadevan,vocal
Vijay Siva,vocal
Sanjay Subrahmanyan,vocal
Aswathi Thirunal Rama Varma,vocal
S. Sowmya,vocal
Malladi Brothers,vocal
Gayathri Girish,vocal
Nithyashree Mahadevan,vocal
Ranjani-Gayatri,vocal
T. M. Krishna,vocal
Vishaka Hari,vocal
Nisha Rajagopalan,vocal
Sriram Parthasarathy,vocal
Ranjani Hebbar,vocal
Sikkil Gurucharan,vocal
Saketharaman,vocal
Ramakrishnan Murthy,vocal
Abhishek Raghuram,vocal
Sid Sriram,vocal
K. V. Krishna Prasad,vocal
S. Aishwarya,vocal
Sivani Saraswathula,vocal
Rahul Vellal,vocal
M. S. Anantharaman,violin
Sikkil R. Bhaskaran,violin
M. Chandrasekaran,violin
Chowdiah,violin
Ganesh and Kumaresh,violin
M. S. Gopalakrishnan,violin
Nagercoil Harihara Iyer,violin
Tirukkodikaval Krishna Iyer,violin
Lalgudi Jayaraman,violin
Kandadevi S. Alagiriswamy,violin
Embar Kannan,violin
A. Kanyakumari,violin
L. Athira Krishna,violin
T. N. Krishnan,violin
Lalgudi Rajalakshmi,violin
Mysore Manjunath,violin
H. K. Narasimha Murthy,violin
Nandini Muthuswamy,violin
Mysore brothers,violin
Dwaram Venkataswamy Naidu,violin
M. Narmadha,violin
Papa Venkataramaiah,violin
Sriram Parasuram,violin
Parur Sundaram Iyer,violin
Kumbakonam Rajamanickam Pillai,violin
Mayavaram V. R. Govindaraja Pillai,violin
Sripada Pinakapani,violin
Charumathi Raghuraman,violin
Delhi P. Sunder Rajan,violin
Thrissur C. Rajendran,violin
Annavarapu Rama Swamy,violin
Vittal Ramamurthy,violin
V. V. Ravi,violin
Gayatri Sankaran,violin
B. Sasikumar,violin
L. Shankar,violin
R. K. Shriramkumar,violin
Jyotsna Srikanth,violin
Mysore Srikanth,violin
Nagai Sriram,violin
Akkarai Subhalakshmi,violin
Ambi Subramaniam,violin
L. Subramaniam,violin
Suma Sudhindra,violin
Sukanya Ramgopal,violin
V. S. Narasimhan,violin
Kunnakudi Vaidyanathan,violin
S. Easwara Varma,violin
H. K. Venkatram,violin
Aneesh Vidyashankar,violin
Lalgudi Vijayalakshmi,violin
BK. Bhaskaran,venu
Sikkil Mala Chandrasekar,venu
Rajesh Cherthala,venu
Kudamaloor Janardanan,venu
Raman Kalyan,venu
N. Kesi,venu
T. R. Mahalingam,venu
T. K. Radhakrishnan,venu
Raghavendran Rajasekaran,venu
N. Ramani,venu
Palladam Sanjiva Rao,venu
Sarabha Sastri,venu
B. Shankar Rao,venu
H. Ramachandra Shastry,venu
Sikkil Sisters â€“ Kunjumani & Neela,venu
Prapancham Sitaram,venu
T. N. Sivakumar,venu
Shashank Subramanyam,venu
T. Viswanathan,venu
Padmavathy Ananthagopalan,veena
S. Balachander,veena
Kannan Balakrishnan,veena
Chitti Babu (musician),veena
Veenai Dhanammal,veena
E. Gayathri,veena
Rugmini Gopalakrishnan,veena
Doreswamy Iyengar,veena
Prashanth Iyengar,veena
Iyer Brothers,veena
Karaikudi Sambasiva Iyer,veena
R. Pichumani Iyer,veena
Jayanthi Kumaresh,veena
Veena Kuppayyar,veena
Suvir Misra,veena
K. S. Narayanaswamy,veena
Raghunatha Nayak,veena
Ranganayaki Rajagopalan,veena
Nirmala Rajasekar,veena
Aswathi Thirunal Rama Varma,veena
M. Ranga Rao,veena
Emani Sankara Sastry,veena
Veene Sheshanna,veena
D. Srinivas,veena
Punya Srinivas,veena
Karaikudi S. Subramanian,veena
Suma Sudhindra,veena
Kalpakam Swaminathan,veena
Rajhesh Vaidhya,veena
Veena Venkatagiriyappa,veena
Trivandrum R. Venkataraman,veena
Thiruvizha Jayashankar,nadaswaram
Umapathy Kandasamy,nadaswaram
Karukurichi Arunachalam,nadaswaram
Namagiripettai Krishnan,nadaswaram
Sheik Chinna Moulana,nadaswaram
Haripad Murukadas,nadaswaram
T. N. Rajarathnam Pillai,nadaswaram
Sheik Mahaboob Subhani,nadaswaram
Ranganayaki Ammal,mridangam
A. V. Anand,mridangam
Muthiah Bhagavatar,mridangam
Robert E. Brown,mridangam
Guruvayur Dorai,mridangam
Mannargudi Easwaran,mridangam
T. V. Gopalakrishnan,mridangam
Madras A. Kannan,mridangam
Patri Satish Kumar,mridangam
Umayalpuram Mali,mridangam
Palghat Mani Iyer,mridangam
Karaikudi Mani,mridangam
T. K. Murthy,mridangam
Erode Nagaraj,mridangam
Mavelikara Krishnankutty Nair,mridangam
Mavelikkara Velukkutty Nair,mridangam
Trichur C. Narendran,mridangam
K. P. Parameswaran,mridangam
Palani Subramaniam Pillai,mridangam
K. Arun Prakash,mridangam
Ramnad Raghavan,mridangam
Palghat R. Raghu,mridangam
Kumbakonam M. Rajappa Iyer,mridangam
Kolanka Venkata Raju,mridangam
Mavelikkara S. R. Raju,mridangam
Vellore G. Ramabhadran,mridangam
H. Ramakrishnan,mridangam
Thanjavur R. Ramamoorthy,mridangam
T. Ranganathan,mridangam
Srimushnam V. Raja Rao,mridangam
Yella Venkateswara Rao,mridangam
Trichy Sankaran,mridangam
Gita Sarabhai,mridangam
K. S. Bhavani Shankar,mridangam
Anoor Anantha Krishna Sharma,mridangam
Umayalpuram K. Sivaraman,mridangam
Sukanya Ramgopal,mridangam
Nidumolu Sumathi,mridangam
Erickavu N. Sunil,mridangam
Trivandrum V. Surendran,mridangam
J. Vaidhyanathan,mridangam
Tiruvarur Vaidyanathan,mridangam
M. Balamuralikrishna,kanjira
Jamey Haddad,kanjira
G. Harishankar,kanjira
Dakshinamurthy Pillai,kanjira
Palani Subramaniam Pillai,kanjira
H. Ramakrishnan,kanjira
Trichy Sankaran,kanjira
Sivamani,kanjira
Umayalpuram K. Narayanaswamy,ghatam
Tripunithura N. Radhakrishnan,ghatam
Trichy Sankaran,ghatam
V. Selvaganesh,ghatam
E. M. Subramaniam,ghatam
Sukanya Ramgopal,ghatam
Giridhar Udupa,ghatam
T. H. Vinayakram,ghatam

